tt0003037,tt0002844,0.0111111
tt0003165,tt0003037,0.0111111
tt0003165,tt0002844,0.0111111
tt0003643,tt0003167,0.0125
tt0003930,tt0003165,0.0111111
tt0003930,tt0003037,0.0111111
tt0003930,tt0002844,0.0111111
tt0004181,tt0003643,0.02
tt0004181,tt0003167,0.0166667
tt0004681,tt0003167,0.025
tt0004681,tt0003772,0.02
tt0004838,tt0003657,0.02
tt0004872,tt0004825,0.0166667
tt0005060,tt0004766,0.02
tt0005078,tt0005060,0.0166667
tt0005078,tt0004766,0.02
tt0005402,tt0005078,0.0166667
tt0005402,tt0005060,0.0166667
tt0005402,tt0004766,0.02
tt0005557,tt0004838,0.0166667
tt0005557,tt0003657,0.02
tt0006206,tt0003930,0.02
tt0006206,tt0003037,0.02
tt0006206,tt0003165,0.02
tt0006206,tt0002844,0.02
tt0006688,tt0005719,0.02
tt0006736,tt0006688,0.02
tt0006753,tt0006688,0.02
tt0006753,tt0006736,0.0125
tt0006753,tt0004766,0.025
tt0006809,tt0006753,0.02
tt0006809,tt0006688,0.02
tt0006809,tt0006736,0.02
tt0006864,tt0004181,0.0166667
tt0006864,tt0003643,0.02
tt0006864,tt0003167,0.0166667
tt0006886,tt0006206,0.0166667
tt0006886,tt0003165,0.02
tt0006886,tt0002844,0.02
tt0006886,tt0003930,0.02
tt0006886,tt0003037,0.02
tt0007047,tt0006753,0.02
tt0007047,tt0006688,0.02
tt0007047,tt0006736,0.02
tt0007047,tt0006809,0.0166667
tt0007257,tt0006753,0.02
tt0007257,tt0006688,0.0111111
tt0007257,tt0005719,0.02
tt0007257,tt0006736,0.02
tt0007257,tt0007047,0.02
tt0007257,tt0006809,0.02
tt0007260,tt0003657,0.02
tt0007309,tt0002423,0.02
tt0007340,tt0004134,0.0166667
tt0007340,tt0002101,0.025
tt0007367,tt0006809,0.0166667
tt0008150,tt0005402,0.02
tt0008150,tt0005078,0.02
tt0008150,tt0005060,0.0125
tt0008150,tt0004766,0.02
tt0008196,tt0003772,0.02
tt0008196,tt0004681,0.0166667
tt0008309,tt0007257,0.0166667
tt0008309,tt0006753,0.0125
tt0008309,tt0006688,0.0166667
tt0008309,tt0006736,0.0111111
tt0008309,tt0007047,0.02
tt0008309,tt0006809,0.02
tt0008443,tt0008196,0.02
tt0008443,tt0004872,0.0166667
tt0008443,tt0004825,0.0166667
tt0008443,tt0003772,0.0166667
tt0008443,tt0004681,0.02
tt0008499,tt0008196,0.0125
tt0008499,tt0006826,0.025
tt0008499,tt0003772,0.0166667
tt0008499,tt0008443,0.0166667
tt0008499,tt0004681,0.02
tt0008634,tt0007755,0.0111111
tt0008775,tt0007367,0.0166667
tt0008775,tt0007257,0.02
tt0008775,tt0008309,0.0166667
tt0008775,tt0006753,0.02
tt0008775,tt0006688,0.02
tt0008775,tt0006736,0.0166667
tt0008775,tt0007047,0.0166667
tt0008775,tt0006809,0.0111111
tt0008827,tt0008499,0.0111111
tt0008827,tt0008196,0.0125
tt0008827,tt0003772,0.02
tt0008827,tt0008443,0.0166667
tt0008827,tt0004681,0.02
tt0008854,tt0007309,0.02
tt0008854,tt0002423,0.0125
tt0008891,tt0004872,0.02
tt0008891,tt0004825,0.02
tt0008891,tt0008443,0.02
tt0008950,tt0007309,0.02
tt0008950,tt0008854,0.0111111
tt0008950,tt0002423,0.0125
tt0009062,tt0008950,0.02
tt0009062,tt0007309,0.0166667
tt0009062,tt0008854,0.02
tt0009062,tt0002423,0.02
tt0009086,tt0007367,0.02
tt0009150,tt0003643,0.02
tt0009150,tt0004181,0.0166667
tt0009150,tt0006864,0.0111111
tt0009150,tt0003167,0.0166667
tt0009241,tt0008499,0.0166667
tt0009241,tt0008196,0.02
tt0009241,tt0003772,0.02
tt0009241,tt0008827,0.0166667
tt0009241,tt0008687,0.02
tt0009241,tt0008443,0.0166667
tt0009241,tt0004681,0.02
tt0009326,tt0008499,0.0111111
tt0009326,tt0008196,0.0125
tt0009326,tt0009241,0.0166667
tt0009326,tt0003772,0.0166667
tt0009326,tt0008827,0.0111111
tt0009326,tt0008443,0.0166667
tt0009326,tt0004681,0.02
tt0009440,tt0008150,0.02
tt0009440,tt0005402,0.0166667
tt0009440,tt0005078,0.0166667
tt0009440,tt0005060,0.0166667
tt0009440,tt0004766,0.02
tt0009559,tt0009150,0.0111111
tt0009559,tt0003643,0.02
tt0009559,tt0004181,0.0166667
tt0009559,tt0006864,0.0111111
tt0009559,tt0003167,0.0166667
tt0009701,tt0006206,0.02
tt0009701,tt0006886,0.0166667
tt0009701,tt0003165,0.0166667
tt0009701,tt0002844,0.02
tt0009701,tt0003930,0.02
tt0009701,tt0003037,0.02
tt0009796,tt0009440,0.0166667
tt0009796,tt0008150,0.02
tt0009796,tt0005402,0.0166667
tt0009796,tt0005078,0.0166667
tt0009796,tt0005060,0.0166667
tt0009796,tt0004766,0.02
tt0009893,tt0008950,0.02
tt0009893,tt0007309,0.0166667
tt0009893,tt0009062,0.0166667
tt0009893,tt0008854,0.02
tt0009893,tt0002423,0.02
tt0009937,tt0005719,0.0166667
tt0010040,tt0008499,0.0111111
tt0010040,tt0008196,0.0125
tt0010040,tt0009326,0.0111111
tt0010040,tt0009241,0.0166667
tt0010040,tt0003772,0.0166667
tt0010040,tt0008827,0.0111111
tt0010040,tt0008443,0.0142857
tt0010040,tt0004681,0.02
tt0010103,tt0009608,0.0166667
tt0010162,tt0008309,0.02
tt0010162,tt0006753,0.02
tt0010162,tt0006736,0.02
tt0010193,tt0003167,0.0166667
tt0010193,tt0009150,0.0111111
tt0010193,tt0003643,0.02
tt0010193,tt0009559,0.0111111
tt0010193,tt0004181,0.0166667
tt0010193,tt0006864,0.0111111
tt0010195,tt0008309,0.025
tt0010195,tt0009915,0.02
tt0010267,tt0010040,0.0166667
tt0010267,tt0009326,0.0166667
tt0010267,tt0009086,0.02
tt0010267,tt0003772,0.02
tt0010267,tt0008499,0.0166667
tt0010267,tt0008196,0.02
tt0010267,tt0008443,0.0166667
tt0010267,tt0009241,0.0166667
tt0010267,tt0008827,0.0166667
tt0010267,tt0004681,0.02
tt0010281,tt0009893,0.0166667
tt0010281,tt0008950,0.02
tt0010281,tt0007309,0.0166667
tt0010281,tt0009062,0.0166667
tt0010281,tt0008854,0.02
tt0010281,tt0002423,0.0166667
tt0010307,tt0009014,0.0166667
tt0010418,tt0009796,0.02
tt0010418,tt0009440,0.02
tt0010418,tt0005060,0.02
tt0010418,tt0005078,0.02
tt0010418,tt0005402,0.02
tt0010418,tt0008150,0.0166667
tt0010418,tt0004766,0.02
tt0010456,tt0010281,0.0166667
tt0010456,tt0009893,0.0166667
tt0010456,tt0008950,0.02
tt0010456,tt0007309,0.01
tt0010456,tt0009062,0.0166667
tt0010456,tt0008854,0.02
tt0010456,tt0002423,0.02
tt0010466,tt0003471,0.025
tt0010635,tt0010219,0.0125
tt0010662,tt0003167,0.02
tt0010662,tt0009150,0.02
tt0010662,tt0010193,0.02
tt0010662,tt0003643,0.02
tt0010662,tt0009559,0.0166667
tt0010662,tt0004181,0.02
tt0010662,tt0006864,0.02
tt0010806,tt0010662,0.0166667
tt0010806,tt0003167,0.02
tt0010806,tt0009150,0.0125
tt0010806,tt0010193,0.0125
tt0010806,tt0003643,0.0166667
tt0010806,tt0009559,0.0111111
tt0010806,tt0004181,0.02
tt0010806,tt0006864,0.0125
tt0010844,tt0008891,0.02
tt0010844,tt0008443,0.02
tt0010844,tt0004825,0.02
tt0010844,tt0004872,0.02
tt0010879,tt0007257,0.0166667
tt0010879,tt0008309,0.0166667
tt0010879,tt0006753,0.02
tt0010879,tt0006688,0.0166667
tt0010879,tt0008775,0.0166667
tt0010879,tt0006736,0.02
tt0010879,tt0007047,0.0166667
tt0010879,tt0006809,0.02
tt0010962,tt0010456,0.02
tt0010962,tt0010281,0.0166667
tt0010962,tt0009893,0.02
tt0010962,tt0008950,0.02
tt0010962,tt0007309,0.02
tt0010962,tt0009062,0.02
tt0010962,tt0008854,0.02
tt0010962,tt0002423,0.0166667
tt0010964,tt0010060,0.02
tt0010964,tt0010162,0.02
tt0011157,tt0010247,0.02
tt0011193,tt0009737,0.02
tt0011221,tt0010323,0.02
tt0011344,tt0009737,0.025
tt0011358,tt0008634,0.02
tt0011358,tt0007755,0.02
tt0011371,tt0010456,0.0166667
tt0011371,tt0010281,0.0166667
tt0011371,tt0009893,0.0166667
tt0011371,tt0008950,0.02
tt0011371,tt0010962,0.0166667
tt0011371,tt0007309,0.0166667
tt0011371,tt0009062,0.0166667
tt0011371,tt0008854,0.02
tt0011371,tt0002423,0.0166667
tt0011415,tt0010806,0.02
tt0011415,tt0010662,0.02
tt0011415,tt0003167,0.02
tt0011415,tt0009150,0.0166667
tt0011415,tt0010193,0.0166667
tt0011415,tt0003643,0.025
tt0011415,tt0009559,0.0166667
tt0011415,tt0004181,0.02
tt0011415,tt0006864,0.0166667
tt0011474,tt0010879,0.0111111
tt0011474,tt0007257,0.0166667
tt0011474,tt0008309,0.0166667
tt0011474,tt0006753,0.02
tt0011474,tt0006688,0.0166667
tt0011474,tt0008775,0.0166667
tt0011474,tt0006736,0.02
tt0011474,tt0007047,0.0166667
tt0011474,tt0006809,0.02
tt0011588,tt0010040,0.0166667
tt0011588,tt0009326,0.0166667
tt0011588,tt0003772,0.02
tt0011588,tt0008499,0.0166667
tt0011588,tt0008196,0.02
tt0011588,tt0010267,0.02
tt0011588,tt0008443,0.0166667
tt0011588,tt0009241,0.02
tt0011588,tt0008827,0.02
tt0011588,tt0007047,0.02
tt0011588,tt0004681,0.025
tt0011641,tt0011371,0.0166667
tt0011641,tt0010456,0.0166667
tt0011641,tt0010281,0.0166667
tt0011641,tt0009893,0.0166667
tt0011641,tt0008950,0.02
tt0011641,tt0010962,0.02
tt0011641,tt0007309,0.0166667
tt0011641,tt0009062,0.0166667
tt0011641,tt0008854,0.02
tt0011641,tt0002423,0.02
tt0011647,tt0006327,0.0166667
tt0011741,tt0011588,0.0166667
tt0011741,tt0011267,0.025
tt0011741,tt0010040,0.0166667
tt0011741,tt0009326,0.0166667
tt0011741,tt0003772,0.02
tt0011741,tt0008499,0.0166667
tt0011741,tt0008196,0.02
tt0011741,tt0010267,0.0166667
tt0011741,tt0008443,0.0166667
tt0011741,tt0009241,0.0166667
tt0011741,tt0008827,0.0166667
tt0011741,tt0004681,0.025
tt0011741,tt0010162,0.025
tt0011742,tt0011641,0.02
tt0011742,tt0011371,0.0166667
tt0011742,tt0010456,0.0125
tt0011742,tt0010281,0.0166667
tt0011742,tt0009893,0.02
tt0011742,tt0008950,0.02
tt0011742,tt0010962,0.0166667
tt0011742,tt0007309,0.0125
tt0011742,tt0009062,0.02
tt0011742,tt0008854,0.02
tt0011742,tt0002423,0.0166667
tt0011753,tt0010635,0.02
tt0011753,tt0010219,0.02
tt0011753,tt0010195,0.02
tt0011779,tt0007260,0.02
tt0011779,tt0003657,0.025
tt0011865,tt0009796,0.02
tt0011865,tt0009440,0.02
tt0011865,tt0010418,0.0111111
tt0011865,tt0005060,0.02
tt0011865,tt0005078,0.02
tt0011865,tt0005402,0.02
tt0011865,tt0008150,0.0166667
tt0011865,tt0004766,0.025
tt0011979,tt0007340,0.0166667
tt0011979,tt0004134,0.02
tt0012016,tt0010964,0.02
tt0012016,tt0010162,0.02
tt0012125,tt0006809,0.025
tt0012134,tt0011302,0.0166667
tt0012136,tt0012016,0.02
tt0012136,tt0010964,0.02
tt0012136,tt0010162,0.0166667
tt0012314,tt0012313,0.0111111
tt0012408,tt0011741,0.02
tt0012408,tt0011588,0.02
tt0012408,tt0010040,0.02
tt0012408,tt0009326,0.02
tt0012408,tt0003772,0.025
tt0012408,tt0008499,0.02
tt0012408,tt0008196,0.0166667
tt0012408,tt0010267,0.02
tt0012408,tt0008443,0.02
tt0012408,tt0009241,0.02
tt0012408,tt0008827,0.02
tt0012408,tt0004681,0.02
tt0012494,tt0010208,0.0166667
tt0012513,tt0010879,0.0166667
tt0012513,tt0007257,0.0166667
tt0012513,tt0008309,0.0166667
tt0012513,tt0006753,0.02
tt0012513,tt0006688,0.0166667
tt0012513,tt0008775,0.0166667
tt0012513,tt0006736,0.02
tt0012513,tt0007047,0.0166667
tt0012513,tt0011474,0.0166667
tt0012513,tt0006809,0.02
tt0012532,tt0011415,0.0166667
tt0012532,tt0010806,0.0111111
tt0012532,tt0010662,0.0166667
tt0012532,tt0003167,0.02
tt0012532,tt0009150,0.0111111
tt0012532,tt0010193,0.0111111
tt0012532,tt0003643,0.025
tt0012532,tt0009559,0.0111111
tt0012532,tt0004181,0.02
tt0012532,tt0006864,0.0111111
tt0012538,tt0010890,0.0125
tt0012650,tt0010323,0.02
tt0012675,tt0012027,0.0166667
tt0012675,tt0011647,0.02
tt0012675,tt0006327,0.025
tt0012745,tt0011294,0.0166667
tt0012769,tt0007340,0.0166667
tt0012769,tt0004134,0.02
tt0012769,tt0011979,0.0166667
tt0012806,tt0012494,0.0166667
tt0012806,tt0010208,0.0166667
tt0012928,tt0012136,0.0125
tt0012928,tt0012016,0.0166667
tt0012928,tt0010964,0.0166667
tt0012928,tt0010162,0.02
tt0012975,tt0012136,0.02
tt0012975,tt0012016,0.02
tt0012975,tt0010964,0.02
tt0012975,tt0012928,0.02
tt0012975,tt0010162,0.02
tt0013122,tt0012134,0.0166667
tt0013140,tt0009937,0.0166667
tt0013169,tt0011607,0.025
tt0013367,tt0011753,0.0166667
tt0013367,tt0010195,0.02
tt0013442,tt0012651,0.0166667
tt0013496,tt0012651,0.02
tt0013496,tt0013442,0.02
tt0013556,tt0008309,0.0166667
tt0013556,tt0006753,0.025
tt0013556,tt0006736,0.025
tt0013556,tt0010162,0.02
tt0013592,tt0010466,0.0166667
tt0013597,tt0011130,0.0166667
tt0013597,tt0009356,0.025
tt0013597,tt0009608,0.0166667
tt0013597,tt0010103,0.0166667
tt0013662,tt0011741,0.0166667
tt0013662,tt0011588,0.02
tt0013662,tt0011130,0.0166667
tt0013662,tt0010040,0.02
tt0013662,tt0009326,0.02
tt0013662,tt0003772,0.025
tt0013662,tt0008499,0.02
tt0013662,tt0008196,0.0166667
tt0013662,tt0010267,0.02
tt0013662,tt0008443,0.02
tt0013662,tt0009241,0.0166667
tt0013662,tt0008827,0.0166667
tt0013662,tt0012408,0.0166667
tt0013662,tt0004681,0.02
tt0013674,tt0011948,0.0125
tt0013704,tt0013592,0.0166667
tt0013704,tt0010466,0.0166667
tt0013741,tt0011833,0.025
tt0013741,tt0011742,0.02
tt0013741,tt0011641,0.02
tt0013741,tt0011371,0.02
tt0013741,tt0010456,0.02
tt0013741,tt0010281,0.02
tt0013741,tt0009893,0.02
tt0013741,tt0008950,0.0166667
tt0013741,tt0010962,0.02
tt0013741,tt0007309,0.025
tt0013741,tt0009062,0.02
tt0013741,tt0008854,0.0166667
tt0013741,tt0013469,0.0166667
tt0013741,tt0002423,0.02
tt0013750,tt0012975,0.0166667
tt0013750,tt0012136,0.0125
tt0013750,tt0012016,0.02
tt0013750,tt0010964,0.02
tt0013750,tt0012928,0.0125
tt0013750,tt0010162,0.02
tt0013830,tt0010962,0.02
tt0013909,tt0008634,0.025
tt0013909,tt0007755,0.025
tt0013909,tt0011358,0.02
tt0013951,tt0011753,0.02
tt0013951,tt0010635,0.02
tt0013951,tt0010219,0.0166667
tt0014029,tt0010925,0.0166667
tt0014112,tt0011753,0.02
tt0014112,tt0013367,0.02
tt0014112,tt0010195,0.0166667
tt0014205,tt0012975,0.02
tt0014205,tt0013750,0.02
tt0014205,tt0012136,0.0166667
tt0014205,tt0012016,0.0166667
tt0014205,tt0010964,0.02
tt0014205,tt0012928,0.0166667
tt0014205,tt0010162,0.0166667
tt0014417,tt0009014,0.0166667
tt0014417,tt0010307,0.0166667
tt0014463,tt0013592,0.0166667
tt0014463,tt0010466,0.0166667
tt0014463,tt0013704,0.0166667
tt0014463,tt0011779,0.02
tt0014497,tt0012027,0.025
tt0014524,tt0012650,0.0166667
tt0014532,tt0010418,0.0166667
tt0014532,tt0011865,0.0166667
tt0014532,tt0005402,0.025
tt0014532,tt0009796,0.02
tt0014532,tt0005060,0.025
tt0014532,tt0009440,0.02
tt0014532,tt0005078,0.025
tt0014532,tt0008150,0.02
tt0014532,tt0004766,0.025
tt0014604,tt0012532,0.0166667
tt0014604,tt0011415,0.0166667
tt0014604,tt0010193,0.0166667
tt0014604,tt0010806,0.0166667
tt0014604,tt0010662,0.0166667
tt0014604,tt0003167,0.02
tt0014604,tt0009150,0.0166667
tt0014604,tt0006826,0.02
tt0014604,tt0003643,0.025
tt0014604,tt0009559,0.0166667
tt0014604,tt0004181,0.02
tt0014604,tt0006864,0.02
tt0014605,tt0012532,0.0166667
tt0014605,tt0010193,0.0166667
tt0014605,tt0010806,0.0166667
tt0014605,tt0009150,0.0166667
tt0014605,tt0009559,0.0166667
tt0014605,tt0006864,0.02
tt0014606,tt0010890,0.0125
tt0014606,tt0012538,0.0111111
tt0014636,tt0013556,0.02
tt0014636,tt0009608,0.02
tt0014636,tt0008309,0.025
tt0014636,tt0006753,0.025
tt0014636,tt0006736,0.02
tt0014636,tt0010162,0.02
tt0014721,tt0013450,0.0166667
tt0014760,tt0009915,0.0166667
tt0014869,tt0013662,0.0166667
tt0014869,tt0011130,0.0166667
tt0014869,tt0010662,0.02
tt0014900,tt0013496,0.02
tt0014900,tt0012651,0.02
tt0014900,tt0013442,0.02
tt0014972,tt0014463,0.0166667
tt0014972,tt0013592,0.0166667
tt0014972,tt0012364,0.02
tt0014972,tt0010466,0.0166667
tt0014972,tt0013704,0.0166667
tt0015014,tt0012134,0.02
tt0015014,tt0011302,0.0125
tt0015016,tt0013909,0.02
tt0015016,tt0011358,0.0166667
tt0015016,tt0007755,0.025
tt0015016,tt0008634,0.025
tt0015018,tt0014604,0.0166667
tt0015018,tt0012532,0.0166667
tt0015018,tt0011415,0.0111111
tt0015018,tt0010193,0.0166667
tt0015018,tt0010806,0.0166667
tt0015018,tt0010662,0.0166667
tt0015018,tt0003167,0.02
tt0015018,tt0009150,0.02
tt0015018,tt0003643,0.025
tt0015018,tt0009559,0.0166667
tt0015018,tt0004181,0.02
tt0015018,tt0006864,0.02
tt0015022,tt0014205,0.0166667
tt0015022,tt0012975,0.02
tt0015022,tt0013750,0.02
tt0015022,tt0012136,0.02
tt0015022,tt0012016,0.0166667
tt0015022,tt0010964,0.0166667
tt0015022,tt0012928,0.0166667
tt0015022,tt0010162,0.02
tt0015116,tt0014636,0.0125
tt0015116,tt0013556,0.02
tt0015116,tt0009608,0.02
tt0015116,tt0008309,0.02
tt0015116,tt0006753,0.025
tt0015116,tt0006736,0.025
tt0015116,tt0010162,0.02
tt0015145,tt0014205,0.0166667
tt0015145,tt0012027,0.0166667
tt0015145,tt0012675,0.0166667
tt0015175,tt0012494,0.0166667
tt0015175,tt0010208,0.02
tt0015175,tt0012806,0.02
tt0015213,tt0014646,0.02
tt0015310,tt0014721,0.0166667
tt0015310,tt0013450,0.02
tt0015312,tt0009086,0.02
tt0015312,tt0007367,0.025
tt0015498,tt0011344,0.0166667
tt0015500,tt0015498,0.02
tt0015500,tt0014497,0.0166667
tt0015500,tt0011344,0.02
tt0015518,tt0015022,0.02
tt0015518,tt0014205,0.02
tt0015518,tt0012975,0.0166667
tt0015518,tt0013750,0.0111111
tt0015518,tt0012136,0.0125
tt0015518,tt0012016,0.02
tt0015518,tt0010964,0.02
tt0015518,tt0012928,0.0125
tt0015518,tt0010162,0.02
tt0015684,tt0015500,0.02
tt0015684,tt0014497,0.02
tt0015684,tt0015312,0.0166667
tt0015693,tt0015145,0.0166667
tt0015693,tt0012027,0.0166667
tt0015693,tt0012675,0.0166667
tt0015768,tt0013169,0.02
tt0015768,tt0011607,0.025
tt0015772,tt0015145,0.02
tt0015772,tt0012027,0.02
tt0015772,tt0012675,0.0166667
tt0015772,tt0015693,0.02
tt0015801,tt0012134,0.0166667
tt0015801,tt0011302,0.02
tt0015801,tt0015014,0.02
tt0015842,tt0014446,0.0166667
tt0015863,tt0015324,0.02
tt0015872,tt0015772,0.02
tt0015872,tt0008687,0.025
tt0015881,tt0013140,0.0166667
tt0015881,tt0009937,0.0166667
tt0015909,tt0009475,0.02
tt0015909,tt0009086,0.025
tt0015909,tt0010267,0.02
tt0016004,tt0009062,0.025
tt0016004,tt0013741,0.025
tt0016004,tt0011371,0.02
tt0016004,tt0011742,0.025
tt0016004,tt0011641,0.02
tt0016004,tt0010456,0.025
tt0016004,tt0010281,0.025
tt0016004,tt0009893,0.025
tt0016004,tt0010962,0.025
tt0016004,tt0007309,0.025
tt0016013,tt0015684,0.02
tt0016013,tt0015312,0.02
tt0016023,tt0015518,0.02
tt0016023,tt0015022,0.0166667
tt0016023,tt0014205,0.0166667
tt0016023,tt0012975,0.02
tt0016023,tt0013750,0.02
tt0016023,tt0012136,0.02
tt0016023,tt0012016,0.0166667
tt0016023,tt0016005,0.0166667
tt0016023,tt0010964,0.0166667
tt0016023,tt0012928,0.0166667
tt0016023,tt0010162,0.025
tt0016028,tt0011741,0.02
tt0016028,tt0004681,0.02
tt0016028,tt0013662,0.0166667
tt0016028,tt0011588,0.0166667
tt0016028,tt0009326,0.025
tt0016028,tt0008827,0.025
tt0016028,tt0010040,0.025
tt0016028,tt0008196,0.02
tt0016028,tt0003772,0.025
tt0016028,tt0008499,0.025
tt0016028,tt0010267,0.025
tt0016028,tt0008443,0.025
tt0016028,tt0009241,0.025
tt0016028,tt0012408,0.0166667
tt0016123,tt0014463,0.02
tt0016123,tt0013592,0.02
tt0016123,tt0014972,0.02
tt0016123,tt0010466,0.025
tt0016123,tt0013704,0.02
tt0016142,tt0010890,0.02
tt0016142,tt0012538,0.02
tt0016142,tt0014606,0.02
tt0016205,tt0015493,0.025
tt0016241,tt0015881,0.02
tt0016241,tt0015200,0.025
tt0016241,tt0016005,0.02
tt0016241,tt0016023,0.02
tt0016258,tt0014760,0.0166667
tt0016258,tt0011588,0.025
tt0016258,tt0013450,0.0166667
tt0016288,tt0013607,0.0111111
tt0016294,tt0016205,0.025
tt0016294,tt0010418,0.025
tt0016294,tt0011865,0.02
tt0016294,tt0005402,0.02
tt0016294,tt0009796,0.02
tt0016294,tt0005060,0.02
tt0016294,tt0009440,0.02
tt0016294,tt0014532,0.0166667
tt0016294,tt0005078,0.02
tt0016294,tt0008150,0.025
tt0016294,tt0004766,0.025
tt0016308,tt0014604,0.02
tt0016308,tt0012532,0.02
tt0016308,tt0011415,0.0125
tt0016308,tt0010193,0.025
tt0016308,tt0010806,0.02
tt0016308,tt0010662,0.025
tt0016308,tt0015018,0.0125
tt0016308,tt0003167,0.025
tt0016308,tt0009150,0.025
tt0016308,tt0003643,0.025
tt0016308,tt0009559,0.025
tt0016308,tt0004181,0.025
tt0016308,tt0006864,0.025
tt0016332,tt0015863,0.0166667
tt0016332,tt0015324,0.0111111
tt0016377,tt0014869,0.0111111
tt0016377,tt0013662,0.0166667
tt0016377,tt0011130,0.0166667
tt0016377,tt0010662,0.025
tt0016394,tt0014636,0.0125
tt0016394,tt0013556,0.02
tt0016394,tt0015116,0.0125
tt0016394,tt0009608,0.025
tt0016394,tt0008309,0.025
tt0016394,tt0006753,0.025
tt0016394,tt0006736,0.025
tt0016394,tt0010162,0.02
tt0016395,tt0016004,0.02
tt0016395,tt0014605,0.0166667
tt0016473,tt0016123,0.02
tt0016473,tt0014463,0.02
tt0016473,tt0010890,0.025
tt0016473,tt0013592,0.02
tt0016473,tt0016142,0.02
tt0016473,tt0012538,0.0166667
tt0016473,tt0014606,0.0166667
tt0016473,tt0014972,0.0166667
tt0016473,tt0010466,0.025
tt0016473,tt0013704,0.02
tt0016481,tt0013741,0.02
tt0016481,tt0013830,0.02
tt0016481,tt0013469,0.0166667
tt0016560,tt0015518,0.02
tt0016560,tt0015022,0.02
tt0016560,tt0014205,0.02
tt0016560,tt0012975,0.02
tt0016560,tt0013750,0.0166667
tt0016560,tt0012136,0.02
tt0016560,tt0012016,0.02
tt0016560,tt0010964,0.02
tt0016560,tt0016023,0.02
tt0016560,tt0012928,0.02
tt0016560,tt0010162,0.025
tt0016627,tt0015500,0.02
tt0016627,tt0015498,0.0166667
tt0016627,tt0013909,0.0166667
tt0016627,tt0011344,0.02
tt0016629,tt0016123,0.02
tt0016630,tt0015863,0.02
tt0016630,tt0015324,0.0111111
tt0016630,tt0016332,0.0111111
tt0016634,tt0016004,0.02
tt0016634,tt0016395,0.02
tt0016646,tt0015518,0.02
tt0016646,tt0015022,0.0166667
tt0016646,tt0014605,0.025
tt0016646,tt0014205,0.0166667
tt0016646,tt0012975,0.02
tt0016646,tt0013750,0.02
tt0016646,tt0012136,0.0166667
tt0016646,tt0012016,0.0166667
tt0016646,tt0015909,0.0166667
tt0016646,tt0016560,0.02
tt0016646,tt0009086,0.02
tt0016646,tt0010964,0.025
tt0016646,tt0010267,0.02
tt0016646,tt0016023,0.0166667
tt0016646,tt0012928,0.0166667
tt0016646,tt0010162,0.02
tt0016655,tt0016473,0.0111111
tt0016655,tt0016123,0.02
tt0016655,tt0014463,0.02
tt0016655,tt0010890,0.025
tt0016655,tt0013592,0.02
tt0016655,tt0016142,0.02
tt0016655,tt0012538,0.02
tt0016655,tt0014606,0.0166667
tt0016655,tt0014972,0.0166667
tt0016655,tt0010466,0.025
tt0016655,tt0013704,0.02
tt0016664,tt0015016,0.0125
tt0016664,tt0013909,0.02
tt0016664,tt0011358,0.02
tt0016664,tt0007755,0.025
tt0016664,tt0008634,0.025
tt0016762,tt0016634,0.02
tt0016804,tt0011193,0.025
tt0016804,tt0009737,0.025
tt0016847,tt0013496,0.0166667
tt0016847,tt0012651,0.0166667
tt0016847,tt0014900,0.02
tt0016847,tt0013442,0.0166667
tt0016854,tt0016664,0.02
tt0016854,tt0015016,0.02
tt0016895,tt0016832,0.0166667
tt0016895,tt0013201,0.02
tt0016914,tt0015842,0.0166667
tt0016914,tt0012650,0.0166667
tt0016914,tt0010323,0.025
tt0016914,tt0014446,0.0166667
tt0016939,tt0016288,0.02
tt0016939,tt0013607,0.02
tt0016947,tt0016205,0.02
tt0017029,tt0015872,0.02
tt0017029,tt0015772,0.02
tt0017029,tt0009086,0.025
tt0017029,tt0015312,0.02
tt0017029,tt0007367,0.02
tt0017119,tt0010879,0.025
tt0017119,tt0011474,0.025
tt0017120,tt0017103,0.0166667
tt0017136,tt0015175,0.02
tt0017136,tt0013496,0.0166667
tt0017136,tt0012494,0.02
tt0017136,tt0010208,0.02
tt0017136,tt0012806,0.02
tt0017184,tt0016201,0.02
tt0017196,tt0014898,0.0111111
tt0017329,tt0016655,0.0125
tt0017329,tt0016473,0.0125
tt0017329,tt0016123,0.02
tt0017329,tt0014463,0.0166667
tt0017329,tt0010890,0.02
tt0017329,tt0013592,0.0166667
tt0017329,tt0016142,0.0166667
tt0017329,tt0012538,0.025
tt0017329,tt0014606,0.02
tt0017329,tt0014972,0.0166667
tt0017329,tt0010466,0.02
tt0017329,tt0013704,0.0166667
tt0017338,tt0011221,0.025
tt0017338,tt0010323,0.025
tt0017350,tt0014605,0.0166667
tt0017350,tt0012532,0.0166667
tt0017350,tt0010193,0.02
tt0017350,tt0010806,0.025
tt0017350,tt0009150,0.02
tt0017350,tt0012364,0.02
tt0017350,tt0014972,0.0166667
tt0017350,tt0009559,0.02
tt0017350,tt0006864,0.02
tt0017354,tt0013597,0.02
tt0017354,tt0011130,0.025
tt0017374,tt0016664,0.0166667
tt0017374,tt0015016,0.02
tt0017374,tt0013909,0.02
tt0017374,tt0011358,0.02
tt0017374,tt0007755,0.025
tt0017374,tt0008634,0.025
tt0017374,tt0014606,0.025
tt0017409,tt0016004,0.0166667
tt0017409,tt0009062,0.025
tt0017409,tt0013741,0.025
tt0017409,tt0011371,0.025
tt0017409,tt0011641,0.025
tt0017409,tt0010456,0.025
tt0017409,tt0010281,0.025
tt0017409,tt0009893,0.025
tt0017409,tt0007309,0.025
tt0017410,tt0017004,0.02
tt0017416,tt0015145,0.0166667
tt0017416,tt0012027,0.0166667
tt0017416,tt0012675,0.0166667
tt0017416,tt0015772,0.0166667
tt0017416,tt0015693,0.0166667
tt0017419,tt0014604,0.0166667
tt0017419,tt0012532,0.0166667
tt0017419,tt0012752,0.0166667
tt0017419,tt0011415,0.02
tt0017419,tt0010193,0.02
tt0017419,tt0010806,0.02
tt0017419,tt0010662,0.02
tt0017419,tt0015018,0.0166667
tt0017419,tt0003167,0.02
tt0017419,tt0016201,0.025
tt0017419,tt0009150,0.02
tt0017419,tt0003643,0.025
tt0017419,tt0009559,0.02
tt0017419,tt0004181,0.02
tt0017419,tt0006864,0.02
tt0017419,tt0016308,0.02
tt0017437,tt0016971,0.0166667
tt0017438,tt0009878,0.025
tt0017448,tt0013496,0.0166667
tt0017448,tt0012651,0.02
tt0017448,tt0016847,0.0166667
tt0017448,tt0014900,0.02
tt0017448,tt0013442,0.02
tt0017463,tt0016854,0.02
tt0017463,tt0016664,0.0125
tt0017463,tt0015016,0.0111111
tt0017463,tt0013909,0.02
tt0017463,tt0011358,0.02
tt0017463,tt0007755,0.025
tt0017463,tt0008634,0.025
tt0017463,tt0017374,0.0166667
tt0017480,tt0016241,0.02
tt0017480,tt0016005,0.0166667
tt0017480,tt0016023,0.0166667
tt0017483,tt0016971,0.0125
tt0017483,tt0017437,0.02
tt0017519,tt0016294,0.0166667
tt0017519,tt0010418,0.025
tt0017519,tt0011865,0.025
tt0017519,tt0005402,0.02
tt0017519,tt0009796,0.02
tt0017519,tt0005060,0.02
tt0017519,tt0009440,0.02
tt0017519,tt0014532,0.02
tt0017519,tt0005078,0.02
tt0017519,tt0008150,0.025
tt0017519,tt0004766,0.025
tt0017567,tt0016634,0.02
tt0017567,tt0016004,0.02
tt0017567,tt0014605,0.0166667
tt0017567,tt0016395,0.0111111
tt0017619,tt0015145,0.025
tt0017621,tt0017438,0.0166667
tt0017632,tt0016377,0.0166667
tt0017632,tt0017350,0.0166667
tt0017632,tt0014869,0.0166667
tt0017632,tt0014605,0.0166667
tt0017632,tt0012532,0.02
tt0017632,tt0013662,0.0166667
tt0017632,tt0011130,0.02
tt0017632,tt0010193,0.02
tt0017632,tt0010806,0.02
tt0017632,tt0009150,0.02
tt0017632,tt0009559,0.02
tt0017632,tt0006864,0.02
tt0017667,tt0017354,0.02
tt0017667,tt0013597,0.02
tt0017667,tt0011193,0.025
tt0017667,tt0011130,0.025
tt0017667,tt0016804,0.0166667
tt0017667,tt0009737,0.025
tt0017735,tt0017632,0.0166667
tt0017735,tt0016377,0.0166667
tt0017735,tt0014869,0.0166667
tt0017735,tt0013662,0.0166667
tt0017735,tt0011130,0.02
tt0017750,tt0016646,0.025
tt0017750,tt0017619,0.02
tt0017832,tt0017329,0.025
tt0017832,tt0017354,0.02
tt0017832,tt0016377,0.0166667
tt0017832,tt0014869,0.0166667
tt0017832,tt0010662,0.025
tt0017843,tt0017825,0.0166667
tt0017860,tt0016646,0.0166667
tt0017860,tt0015518,0.02
tt0017860,tt0015022,0.02
tt0017860,tt0014205,0.0166667
tt0017860,tt0012975,0.02
tt0017860,tt0013750,0.02
tt0017860,tt0012136,0.02
tt0017860,tt0012016,0.025
tt0017860,tt0016560,0.02
tt0017860,tt0010964,0.025
tt0017860,tt0016023,0.02
tt0017860,tt0012928,0.02
tt0017860,tt0010162,0.02
tt0017918,tt0010925,0.025
tt0017918,tt0014029,0.0166667
tt0017928,tt0016201,0.0166667
tt0017928,tt0017184,0.0166667
tt0018016,tt0017119,0.02
tt0018016,tt0017928,0.0166667
tt0018016,tt0010879,0.02
tt0018016,tt0016201,0.0166667
tt0018016,tt0017184,0.02
tt0018016,tt0011474,0.02
tt0018037,tt0017667,0.02
tt0018037,tt0011193,0.025
tt0018037,tt0016804,0.02
tt0018037,tt0009737,0.02
tt0018054,tt0016294,0.02
tt0018054,tt0010418,0.02
tt0018054,tt0011865,0.02
tt0018054,tt0005402,0.025
tt0018054,tt0009796,0.025
tt0018054,tt0005060,0.025
tt0018054,tt0009440,0.025
tt0018054,tt0014532,0.0166667
tt0018054,tt0005078,0.025
tt0018054,tt0017519,0.02
tt0018054,tt0008150,0.02
tt0018054,tt0004766,0.025
tt0018087,tt0016914,0.0166667
tt0018087,tt0015842,0.0166667
tt0018087,tt0014446,0.0166667
tt0018102,tt0016971,0.0166667
tt0018102,tt0017483,0.02
tt0018102,tt0017437,0.0111111
tt0018166,tt0017329,0.0166667
tt0018166,tt0016655,0.0166667
tt0018166,tt0016473,0.0166667
tt0018166,tt0016123,0.02
tt0018166,tt0014463,0.0166667
tt0018166,tt0013592,0.0166667
tt0018166,tt0014972,0.0166667
tt0018166,tt0010466,0.02
tt0018166,tt0013704,0.0166667
tt0018166,tt0004066,0.025
tt0018179,tt0017329,0.0166667
tt0018179,tt0016655,0.0166667
tt0018179,tt0018166,0.0166667
tt0018179,tt0016473,0.0166667
tt0018179,tt0016123,0.02
tt0018179,tt0014463,0.0166667
tt0018179,tt0013592,0.0166667
tt0018179,tt0014972,0.0166667
tt0018179,tt0010466,0.02
tt0018179,tt0013704,0.0166667
tt0018183,tt0016028,0.02
tt0018183,tt0011741,0.02
tt0018183,tt0004681,0.025
tt0018183,tt0013662,0.0166667
tt0018183,tt0011588,0.025
tt0018183,tt0009326,0.02
tt0018183,tt0008827,0.02
tt0018183,tt0010040,0.02
tt0018183,tt0016895,0.0166667
tt0018183,tt0008196,0.025
tt0018183,tt0003772,0.025
tt0018183,tt0008499,0.02
tt0018183,tt0016832,0.0166667
tt0018183,tt0010267,0.02
tt0018183,tt0008443,0.02
tt0018183,tt0009241,0.02
tt0018183,tt0012408,0.025
tt0018218,tt0018037,0.0166667
tt0018218,tt0017667,0.0166667
tt0018218,tt0011193,0.025
tt0018218,tt0015018,0.025
tt0018218,tt0016804,0.0166667
tt0018218,tt0009737,0.02
tt0018235,tt0016822,0.0166667
tt0018235,tt0017519,0.025
tt0018253,tt0016377,0.0166667
tt0018253,tt0014869,0.0166667
tt0018253,tt0018235,0.0166667
tt0018253,tt0010662,0.02
tt0018253,tt0017832,0.0166667
tt0018311,tt0016646,0.0166667
tt0018311,tt0015518,0.02
tt0018311,tt0015022,0.0166667
tt0018311,tt0014205,0.0166667
tt0018311,tt0012975,0.02
tt0018311,tt0013750,0.02
tt0018311,tt0012136,0.02
tt0018311,tt0012016,0.02
tt0018311,tt0016560,0.02
tt0018311,tt0017860,0.0166667
tt0018311,tt0010964,0.025
tt0018311,tt0016023,0.0166667
tt0018311,tt0012928,0.0166667
tt0018311,tt0010162,0.02
tt0018351,tt0017410,0.0111111
tt0018351,tt0017004,0.02
tt0018379,tt0015684,0.0166667
tt0018379,tt0016013,0.02
tt0018379,tt0015312,0.0166667
tt0018379,tt0017374,0.02
tt0018397,tt0017329,0.02
tt0018397,tt0016655,0.0166667
tt0018397,tt0016473,0.0166667
tt0018397,tt0013909,0.02
tt0018397,tt0010890,0.025
tt0018397,tt0016142,0.02
tt0018397,tt0012538,0.02
tt0018397,tt0014606,0.0166667
tt0018397,tt0016627,0.02
tt0018440,tt0016690,0.02
tt0018455,tt0017463,0.02
tt0018455,tt0017448,0.02
tt0018455,tt0016854,0.02
tt0018455,tt0016664,0.02
tt0018455,tt0015016,0.0166667
tt0018455,tt0013496,0.02
tt0018455,tt0016847,0.02
tt0018455,tt0014900,0.025
tt0018455,tt0013442,0.025
tt0018471,tt0018179,0.0166667
tt0018471,tt0017329,0.02
tt0018471,tt0016655,0.0166667
tt0018471,tt0018166,0.0166667
tt0018471,tt0016473,0.0166667
tt0018471,tt0016123,0.0166667
tt0018471,tt0014463,0.02
tt0018471,tt0016560,0.0166667
tt0018471,tt0013592,0.02
tt0018471,tt0014972,0.0166667
tt0018471,tt0010466,0.025
tt0018471,tt0013704,0.02
tt0018484,tt0018102,0.0166667
tt0018484,tt0016971,0.0166667
tt0018484,tt0017483,0.02
tt0018484,tt0017437,0.0166667
tt0018487,tt0018311,0.0166667
tt0018487,tt0016646,0.0166667
tt0018487,tt0015518,0.02
tt0018487,tt0015022,0.02
tt0018487,tt0014205,0.0166667
tt0018487,tt0012975,0.02
tt0018487,tt0013750,0.0166667
tt0018487,tt0012136,0.02
tt0018487,tt0012016,0.025
tt0018487,tt0016560,0.0166667
tt0018487,tt0017860,0.0166667
tt0018487,tt0010964,0.025
tt0018487,tt0016023,0.0166667
tt0018487,tt0012928,0.02
tt0018487,tt0010162,0.02
tt0018513,tt0016690,0.02
tt0018513,tt0013909,0.0166667
tt0018513,tt0018397,0.02
tt0018513,tt0016627,0.0166667
tt0018515,tt0016822,0.025
tt0018515,tt0017519,0.0166667
tt0018524,tt0015145,0.025
tt0018524,tt0017619,0.025
tt0018528,tt0018179,0.0166667
tt0018528,tt0017329,0.0111111
tt0018528,tt0016655,0.0111111
tt0018528,tt0018166,0.0166667
tt0018528,tt0016473,0.0111111
tt0018528,tt0016123,0.0166667
tt0018528,tt0014463,0.0166667
tt0018528,tt0010890,0.02
tt0018528,tt0013592,0.0166667
tt0018528,tt0016142,0.0166667
tt0018528,tt0012538,0.02
tt0018528,tt0014606,0.02
tt0018528,tt0014972,0.0166667
tt0018528,tt0010466,0.02
tt0018528,tt0018471,0.0166667
tt0018528,tt0013704,0.0166667
tt0018528,tt0018397,0.02
tt0018530,tt0017463,0.02
tt0018530,tt0016664,0.0166667
tt0018530,tt0015016,0.02
tt0018530,tt0013909,0.02
tt0018530,tt0011358,0.02
tt0018530,tt0007755,0.025
tt0018530,tt0008634,0.025
tt0018530,tt0017374,0.0166667
tt0018566,tt0018218,0.0166667
tt0018566,tt0018037,0.02
tt0018566,tt0017667,0.0125
tt0018566,tt0017632,0.025
tt0018566,tt0017354,0.02
tt0018566,tt0013597,0.02
tt0018566,tt0011193,0.025
tt0018566,tt0011130,0.025
tt0018566,tt0016804,0.0166667
tt0018566,tt0009737,0.025
tt0018615,tt0016914,0.0166667
tt0018615,tt0015842,0.0166667
tt0018615,tt0018087,0.0166667
tt0018615,tt0014446,0.0166667
tt0018618,tt0018179,0.0166667
tt0018678,tt0017419,0.02
tt0018678,tt0014604,0.02
tt0018678,tt0012532,0.025
tt0018678,tt0011415,0.025
tt0018678,tt0010193,0.025
tt0018678,tt0010806,0.02
tt0018678,tt0010662,0.025
tt0018678,tt0015018,0.02
tt0018678,tt0003167,0.025
tt0018678,tt0009150,0.025
tt0018678,tt0003643,0.025
tt0018678,tt0009559,0.025
tt0018678,tt0004181,0.025
tt0018678,tt0006864,0.025
tt0018678,tt0016308,0.0166667
tt0018684,tt0016672,0.02
tt0018684,tt0013556,0.02
tt0018737,tt0016914,0.02
tt0018737,tt0015842,0.02
tt0018737,tt0018087,0.0166667
tt0018737,tt0018615,0.0166667
tt0018737,tt0014446,0.02
tt0018749,tt0018311,0.0166667
tt0018749,tt0016646,0.0166667
tt0018749,tt0015518,0.02
tt0018749,tt0018487,0.0166667
tt0018749,tt0015022,0.0166667
tt0018749,tt0014205,0.0166667
tt0018749,tt0012975,0.025
tt0018749,tt0013750,0.025
tt0018749,tt0012136,0.02
tt0018749,tt0012016,0.02
tt0018749,tt0016560,0.02
tt0018749,tt0017860,0.0166667
tt0018749,tt0010060,0.02
tt0018749,tt0010964,0.0142857
tt0018749,tt0016023,0.0166667
tt0018749,tt0012928,0.02
tt0018749,tt0010162,0.02
tt0018756,tt0017825,0.02
tt0018756,tt0017843,0.02
tt0018826,tt0016493,0.0142857
tt0018876,tt0017825,0.0166667
tt0018876,tt0017843,0.02
tt0018876,tt0018756,0.0166667
tt0018907,tt0018455,0.0166667
tt0018907,tt0018379,0.0166667
tt0018907,tt0017448,0.02
tt0018907,tt0013496,0.025
tt0018907,tt0016847,0.02
tt0018907,tt0014900,0.025
tt0018907,tt0017374,0.02
tt0018909,tt0017463,0.02
tt0018909,tt0016664,0.02
tt0018909,tt0018530,0.02
tt0018909,tt0015016,0.02
tt0018909,tt0013909,0.0166667
tt0018909,tt0011358,0.025
tt0018909,tt0007755,0.025
tt0018909,tt0008634,0.025
tt0018909,tt0017374,0.02
tt0018927,tt0018515,0.02
tt0018927,tt0014721,0.02
tt0018990,tt0017735,0.02
tt0018990,tt0012313,0.025
tt0018990,tt0012314,0.025
tt0018996,tt0017998,0.02
tt0019043,tt0017048,0.0166667
tt0019067,tt0018749,0.0166667
tt0019067,tt0010060,0.02
tt0019067,tt0016005,0.0166667
tt0019067,tt0010964,0.025
tt0019071,tt0013741,0.025
tt0019071,tt0018839,0.02
tt0019071,tt0016481,0.02
tt0019071,tt0013469,0.025
tt0019130,tt0017739,0.0166667
tt0019151,tt0018102,0.0166667
tt0019151,tt0017437,0.0166667
tt0019152,tt0013951,0.02
tt0019152,tt0010418,0.025
tt0019152,tt0011753,0.025
tt0019152,tt0011865,0.025
tt0019152,tt0010635,0.025
tt0019152,tt0010219,0.025
tt0019186,tt0016481,0.025
tt0019186,tt0013830,0.02
tt0019195,tt0012752,0.02
tt0019254,tt0011607,0.025
tt0019254,tt0015768,0.025
tt0019258,tt0018749,0.0166667
tt0019258,tt0018311,0.0166667
tt0019258,tt0016646,0.0166667
tt0019258,tt0016023,0.0166667
tt0019258,tt0016560,0.0166667
tt0019258,tt0015518,0.02
tt0019258,tt0015500,0.0166667
tt0019258,tt0018487,0.0166667
tt0019258,tt0015498,0.0166667
tt0019258,tt0015022,0.0166667
tt0019258,tt0014205,0.0166667
tt0019258,tt0012975,0.025
tt0019258,tt0013750,0.02
tt0019258,tt0012136,0.02
tt0019258,tt0012016,0.02
tt0019258,tt0011344,0.025
tt0019258,tt0017860,0.0166667
tt0019258,tt0010964,0.025
tt0019258,tt0016627,0.0166667
tt0019258,tt0012928,0.02
tt0019258,tt0010162,0.02
tt0019290,tt0019151,0.02
tt0019290,tt0018102,0.02
tt0019290,tt0017437,0.02
tt0019304,tt0019152,0.02
tt0019304,tt0018515,0.02
tt0019304,tt0010418,0.02
tt0019304,tt0011865,0.02
tt0019304,tt0018927,0.0166667
tt0019335,tt0019237,0.0166667
tt0019388,tt0018037,0.02
tt0019388,tt0016201,0.025
tt0019400,tt0016690,0.0111111
tt0019400,tt0018513,0.02
tt0019400,tt0018440,0.0166667
tt0019412,tt0016895,0.0166667
tt0019412,tt0013201,0.02
tt0019415,tt0015175,0.02
tt0019415,tt0012494,0.02
tt0019415,tt0017136,0.02
tt0019415,tt0012806,0.025
tt0019415,tt0010208,0.025
tt0019462,tt0019290,0.02
tt0019462,tt0019151,0.0166667
tt0019462,tt0018102,0.0166667
tt0019462,tt0015200,0.0166667
tt0019462,tt0017437,0.0166667
tt0019462,tt0016643,0.025
tt0019480,tt0014898,0.02
tt0019480,tt0017196,0.02
tt0019489,tt0015872,0.02
tt0019489,tt0015772,0.0166667
tt0019489,tt0017029,0.02
tt0019557,tt0018253,0.0166667
tt0019557,tt0016377,0.0166667
tt0019557,tt0014869,0.0166667
tt0019557,tt0015310,0.0166667
tt0019557,tt0013450,0.02
tt0019557,tt0010662,0.02
tt0019557,tt0014721,0.02
tt0019557,tt0017832,0.0166667
tt0019558,tt0009937,0.02
tt0019558,tt0015881,0.0166667
tt0019558,tt0013140,0.02
tt0019563,tt0018528,0.0111111
tt0019563,tt0018179,0.0166667
tt0019563,tt0017329,0.0111111
tt0019563,tt0016655,0.0125
tt0019563,tt0018166,0.0166667
tt0019563,tt0016473,0.0125
tt0019563,tt0016123,0.0166667
tt0019563,tt0018471,0.02
tt0019563,tt0014463,0.0166667
tt0019563,tt0010890,0.02
tt0019563,tt0013592,0.02
tt0019563,tt0016142,0.0166667
tt0019563,tt0012538,0.025
tt0019563,tt0014606,0.0166667
tt0019563,tt0014972,0.0166667
tt0019563,tt0010466,0.02
tt0019563,tt0013704,0.02
tt0019563,tt0018397,0.02
tt0019571,tt0019400,0.02
tt0019571,tt0018528,0.02
tt0019571,tt0018179,0.02
tt0019571,tt0017329,0.02
tt0019571,tt0016690,0.0166667
tt0019571,tt0016655,0.0166667
tt0019571,tt0018166,0.02
tt0019571,tt0016473,0.0166667
tt0019571,tt0016123,0.02
tt0019571,tt0018471,0.0166667
tt0019571,tt0014463,0.02
tt0019571,tt0018513,0.02
tt0019571,tt0013592,0.025
tt0019571,tt0019563,0.02
tt0019571,tt0014972,0.02
tt0019571,tt0010466,0.02
tt0019571,tt0013704,0.025
tt0019585,tt0012532,0.02
tt0019585,tt0017632,0.0166667
tt0019585,tt0006864,0.02
tt0019585,tt0010193,0.02
tt0019585,tt0010806,0.02
tt0019585,tt0017350,0.0111111
tt0019585,tt0014605,0.0166667
tt0019585,tt0009150,0.02
tt0019585,tt0012364,0.025
tt0019585,tt0014972,0.0166667
tt0019585,tt0009559,0.02
tt0019591,tt0019489,0.02
tt0019591,tt0015872,0.0166667
tt0019591,tt0019195,0.0166667
tt0019591,tt0015772,0.02
tt0019591,tt0017029,0.02
tt0019630,tt0016123,0.02
tt0019630,tt0016629,0.02
tt0019646,tt0015801,0.0166667
tt0019646,tt0017621,0.02
tt0019646,tt0011302,0.02
tt0019646,tt0012134,0.02
tt0019646,tt0015014,0.02
tt0019655,tt0018990,0.0166667
tt0019655,tt0014446,0.02
tt0019655,tt0012314,0.025
tt0019655,tt0012313,0.025
tt0019658,tt0019186,0.0166667
tt0019658,tt0016481,0.025
tt0019658,tt0013830,0.025
tt0019690,tt0018351,0.0166667
tt0019690,tt0017410,0.0166667
tt0019699,tt0018909,0.02
tt0019699,tt0017463,0.02
tt0019699,tt0016664,0.0166667
tt0019699,tt0018530,0.0166667
tt0019699,tt0015016,0.02
tt0019699,tt0013909,0.025
tt0019699,tt0007755,0.025
tt0019699,tt0011358,0.02
tt0019699,tt0008634,0.025
tt0019699,tt0017374,0.0166667
tt0019702,tt0017825,0.0166667
tt0019702,tt0017843,0.0166667
tt0019702,tt0018876,0.02
tt0019702,tt0018756,0.02
tt0019725,tt0017632,0.025
tt0019725,tt0019109,0.0166667
tt0019725,tt0018566,0.025
tt0019729,tt0019237,0.0166667
tt0019735,tt0017918,0.02
tt0019735,tt0017567,0.0166667
tt0019735,tt0016634,0.02
tt0019735,tt0016004,0.02
tt0019735,tt0010925,0.025
tt0019735,tt0016395,0.0166667
tt0019735,tt0014029,0.025
tt0019785,tt0017567,0.0166667
tt0019785,tt0016634,0.02
tt0019785,tt0016226,0.02
tt0019785,tt0016004,0.02
tt0019785,tt0019735,0.0166667
tt0019785,tt0016395,0.0166667
tt0019788,tt0010040,0.025
tt0019788,tt0016028,0.0166667
tt0019788,tt0011741,0.02
tt0019788,tt0004681,0.02
tt0019788,tt0013662,0.02
tt0019788,tt0008827,0.02
tt0019788,tt0011588,0.025
tt0019788,tt0009326,0.025
tt0019788,tt0018183,0.0111111
tt0019788,tt0016895,0.0166667
tt0019788,tt0008196,0.02
tt0019788,tt0003772,0.025
tt0019788,tt0008499,0.025
tt0019788,tt0016832,0.0166667
tt0019788,tt0010267,0.025
tt0019788,tt0008443,0.025
tt0019788,tt0009241,0.02
tt0019788,tt0012408,0.02
tt0019800,tt0017928,0.02
tt0019800,tt0018016,0.0166667
tt0019800,tt0016201,0.02
tt0019800,tt0017184,0.02
tt0019811,tt0018179,0.0166667
tt0019811,tt0018618,0.0166667
tt0019811,tt0013909,0.025
tt0019811,tt0018513,0.02
tt0019811,tt0018397,0.0166667
tt0019811,tt0016627,0.0166667
tt0019815,tt0018618,0.0166667
tt0019815,tt0016646,0.0166667
tt0019815,tt0009086,0.02
tt0019815,tt0015909,0.02
tt0019815,tt0010267,0.025
tt0019823,tt0016822,0.02
tt0019824,tt0015310,0.0166667
tt0019824,tt0013450,0.02
tt0019824,tt0019557,0.0166667
tt0019824,tt0014721,0.0111111
tt0019824,tt0018927,0.02
tt0019843,tt0005402,0.02
tt0019843,tt0018054,0.02
tt0019843,tt0016294,0.0166667
tt0019843,tt0010418,0.025
tt0019843,tt0011865,0.025
tt0019843,tt0014532,0.025
tt0019843,tt0009796,0.02
tt0019843,tt0005060,0.02
tt0019843,tt0009440,0.02
tt0019843,tt0005078,0.02
tt0019843,tt0017519,0.0166667
tt0019843,tt0008150,0.025
tt0019843,tt0004766,0.025
tt0019852,tt0008854,0.025
tt0019852,tt0017667,0.02
tt0019852,tt0017409,0.02
tt0019852,tt0017354,0.02
tt0019852,tt0016004,0.02
tt0019852,tt0013597,0.02
tt0019852,tt0013741,0.025
tt0019852,tt0011371,0.025
tt0019852,tt0011742,0.025
tt0019852,tt0011130,0.02
tt0019852,tt0010281,0.025
tt0019852,tt0010962,0.025
tt0019852,tt0008950,0.025
tt0019852,tt0002423,0.025
tt0019852,tt0018566,0.0166667
tt0019856,tt0019489,0.02
tt0019884,tt0019462,0.0166667
tt0019884,tt0019290,0.02
tt0019884,tt0019151,0.0166667
tt0019884,tt0018102,0.02
tt0019884,tt0017437,0.02
tt0019884,tt0010844,0.02
tt0019886,tt0019815,0.0166667
tt0019886,tt0018618,0.0166667
tt0019886,tt0016560,0.0166667
tt0019886,tt0018530,0.025
tt0019886,tt0018471,0.0166667
tt0019901,tt0015175,0.0166667
tt0019901,tt0012494,0.025
tt0019901,tt0017136,0.02
tt0019901,tt0012806,0.025
tt0019901,tt0010208,0.025
tt0019901,tt0019415,0.02
tt0019929,tt0019151,0.0166667
tt0019933,tt0017354,0.02
tt0019933,tt0017832,0.02
tt0019935,tt0005402,0.02
tt0019935,tt0018054,0.02
tt0019935,tt0016294,0.0166667
tt0019935,tt0010418,0.025
tt0019935,tt0011865,0.025
tt0019935,tt0014532,0.02
tt0019935,tt0019843,0.0166667
tt0019935,tt0009796,0.02
tt0019935,tt0005060,0.02
tt0019935,tt0009440,0.02
tt0019935,tt0005078,0.02
tt0019935,tt0017519,0.0166667
tt0019935,tt0008150,0.025
tt0019935,tt0004766,0.025
tt0019936,tt0017886,0.0166667
tt0019945,tt0014826,0.025
tt0019945,tt0003657,0.025
tt0019945,tt0005557,0.025
tt0019945,tt0004838,0.02
tt0019949,tt0017028,0.02
tt0019957,tt0019800,0.025
tt0019959,tt0019258,0.02
tt0019959,tt0015500,0.02
tt0019959,tt0015498,0.0166667
tt0019959,tt0011344,0.02
tt0019959,tt0016627,0.0166667
tt0019979,tt0014826,0.025
tt0019983,tt0019886,0.025
tt0019983,tt0018515,0.0166667
tt0019983,tt0018530,0.025
tt0019983,tt0017519,0.0166667
tt0020004,tt0018166,0.02
tt0020011,tt0009062,0.025
tt0020014,tt0019843,0.02
tt0020018,tt0019684,0.02
tt0020025,tt0013579,0.025
tt0020030,tt0016394,0.02
tt0020030,tt0014636,0.02
tt0020030,tt0013556,0.02
tt0020030,tt0015116,0.02
tt0020030,tt0008309,0.02
tt0020030,tt0006753,0.025
tt0020030,tt0006736,0.025
tt0020030,tt0010162,0.025
tt0020034,tt0017860,0.0166667
tt0020062,tt0019591,0.02
tt0020062,tt0019195,0.02
tt0020062,tt0015883,0.025
tt0020078,tt0019725,0.0166667
tt0020078,tt0017438,0.02
tt0020078,tt0019109,0.0166667
tt0020078,tt0019785,0.025
tt0020080,tt0019130,0.0166667
tt0020080,tt0017739,0.0111111
tt0020081,tt0019067,0.0166667
tt0020081,tt0019815,0.02
tt0020081,tt0016646,0.0166667
tt0020081,tt0009086,0.025
tt0020081,tt0015909,0.0166667
tt0020081,tt0016005,0.02
tt0020081,tt0010267,0.02
tt0020081,tt0018927,0.025
tt0020099,tt0019684,0.02
tt0020099,tt0016142,0.025
tt0020103,tt0015643,0.02
tt0020103,tt0017416,0.02
tt0020112,tt0019852,0.0166667
tt0020112,tt0009893,0.025
tt0020112,tt0017409,0.0166667
tt0020112,tt0010456,0.025
tt0020112,tt0016004,0.0166667
tt0020112,tt0015016,0.025
tt0020112,tt0009062,0.025
tt0020112,tt0011371,0.025
tt0020112,tt0011742,0.025
tt0020112,tt0011641,0.025
tt0020112,tt0010281,0.025
tt0020112,tt0010962,0.025
tt0020112,tt0002423,0.025
tt0020112,tt0007309,0.025
tt0020114,tt0020080,0.02
tt0020114,tt0019976,0.02
tt0020114,tt0019690,0.025
tt0020114,tt0017739,0.0166667
tt0020122,tt0018907,0.0166667
tt0020122,tt0018379,0.0111111
tt0020122,tt0015684,0.0166667
tt0020122,tt0015312,0.0166667
tt0020122,tt0016013,0.02
tt0020122,tt0017374,0.02
tt0020143,tt0019258,0.0166667
tt0020143,tt0019067,0.0166667
tt0020143,tt0018749,0.0111111
tt0020143,tt0018311,0.0166667
tt0020143,tt0016646,0.0166667
tt0020143,tt0016023,0.0166667
tt0020143,tt0016560,0.02
tt0020143,tt0015518,0.02
tt0020143,tt0018487,0.02
tt0020143,tt0015022,0.0166667
tt0020143,tt0014205,0.02
tt0020143,tt0012975,0.025
tt0020143,tt0013750,0.025
tt0020143,tt0012136,0.025
tt0020143,tt0012016,0.02
tt0020143,tt0017860,0.02
tt0020143,tt0010060,0.025
tt0020143,tt0010964,0.0125
tt0020143,tt0012928,0.02
tt0020143,tt0010162,0.025
tt0020144,tt0020143,0.0111111
tt0020144,tt0019258,0.02
tt0020144,tt0019067,0.02
tt0020144,tt0018749,0.0125
tt0020144,tt0018311,0.02
tt0020144,tt0016646,0.02
tt0020144,tt0016023,0.0166667
tt0020144,tt0016560,0.02
tt0020144,tt0015518,0.02
tt0020144,tt0018487,0.02
tt0020144,tt0015022,0.0166667
tt0020144,tt0014205,0.025
tt0020144,tt0012975,0.025
tt0020144,tt0013750,0.025
tt0020144,tt0012136,0.025
tt0020144,tt0012016,0.025
tt0020144,tt0017860,0.02
tt0020144,tt0010060,0.025
tt0020144,tt0010964,0.0125
tt0020144,tt0012928,0.02
tt0020144,tt0010162,0.025
tt0020166,tt0016205,0.025
tt0020166,tt0016294,0.025
tt0020210,tt0019489,0.0166667
tt0020210,tt0019400,0.0166667
tt0020210,tt0019591,0.02
tt0020210,tt0016690,0.0166667
tt0020210,tt0015872,0.02
tt0020210,tt0015772,0.0166667
tt0020210,tt0018440,0.0166667
tt0020210,tt0017029,0.0166667
tt0020210,tt0016832,0.025
tt0020217,tt0019304,0.0166667
tt0020217,tt0018515,0.02
tt0020217,tt0009086,0.025
tt0020217,tt0015312,0.02
tt0020217,tt0017029,0.02
tt0020217,tt0007367,0.02
tt0020217,tt0018927,0.0166667
tt0020228,tt0020062,0.025
tt0020228,tt0015883,0.02
tt0020238,tt0018218,0.0166667
tt0020238,tt0018037,0.02
tt0020238,tt0017667,0.02
tt0020238,tt0011193,0.025
tt0020238,tt0016804,0.0166667
tt0020238,tt0019884,0.025
tt0020238,tt0018566,0.0166667
tt0020238,tt0009737,0.025
tt0020247,tt0019400,0.02
tt0020247,tt0019237,0.0166667
tt0020247,tt0019335,0.0166667
tt0020247,tt0016690,0.02
tt0020247,tt0019571,0.02
tt0020247,tt0018513,0.0166667
